Courses,Drop Deadline,Post 1,Post 1 note,Post 1 By,post num,Comment 1,Comment 1 By
CSE583,4/1/20,Homework 1 for CSE583?,I do not understand number 2 where it asked to solve in this problem. What is the best method to solve this problem?,rr8243@nittany.edu,1,I also have the same question.,mb1688@nittany.edu
CSE543,4/1/20,,,,,,
CMPSC431W,4/1/20,Exam for CMPSC431W?,What is a specific format for this exam?,ld4137@nittany.edu,2,Do we have an exam?,jz5577@nittany.edu
CMPSC461,4/1/20,,,,,,
CMPSC465,4/1/20,Homework 1 for CMPSC465?,I do not understand number 3 where it asked to solve in this problem. What is the best method to solve this problem?,dm4287@nittany.edu,3,I also have the same question.,my3786@nittany.edu
CMPSC448,4/1/20,,,,,,
CMPSC475,4/1/20,Exam for CMPSC475?,What is a specific format for this exam?,fs1546@nittany.edu,4,Do we have an exam?,tb8127@nittany.edu
CMPSC497,4/1/20,,,,,,
CMPSC131,4/1/20,Homework 1 for CMPSC131?,I do not understand number 4 where it asked to solve in this problem. What is the best method to solve this problem?,jr8665@nittany.edu,5,I also have the same question.,mo2344@nittany.edu
CMPSC132,4/1/20,,,,,,
CMPSC221,4/1/20,Exam for CMPSC221?,What is a specific format for this exam?,cg4965@nittany.edu,6,Do we have an exam?,gk3247@nittany.edu
CMPSC360,4/1/20,,,,,,
CMPSC311,4/1/20,Homework 1 for CMPSC311?,I do not understand number 6 where it asked to solve in this problem. What is the best method to solve this problem?,mf6881@nittany.edu,7,I also have the same question.,ms6173@nittany.edu
CMPEN270,4/1/20,,,,,,
CMPEN331,4/1/20,Exam for CMPEN331?,What is a specific format for this exam?,ih9335@nittany.edu,8,Do we have an exam?,dw8054@nittany.edu
CMPEN351,4/1/20,,,,,,
CMPEN362,4/1/20,Homework 1 for CMPEN362?,I do not understand number 1 where it asked to solve in this problem. What is the best method to solve this problem?,pb8346@nittany.edu,9,I also have the same question.,er2818@nittany.edu
CMPEN411,4/1/20,,,,,,
CMPEN431,4/1/20,Exam for CMPEN431?,What is a specific format for this exam?,lh7203@nittany.edu,10,Do we have an exam?,dc5453@nittany.edu
CMPEN441,4/1/20,,,,,,
CMPEN454,4/1/20,Homework 1 for CMPEN454?,I do not understand number 2 where it asked to solve in this problem. What is the best method to solve this problem?,nb5135@nittany.edu,11,I also have the same question.,bk5477@nittany.edu
EE210,4/1/20,,,,,,
EE211,4/1/20,Exam for EE211?,What is a specific format for this exam?,mc9149@nittany.edu,12,Do we have an exam?,mr1020@nittany.edu
EE212,4/1/20,,,,,,
EE311,4/1/20,Homework 1 for EE311?,I do not understand number 3 where it asked to solve in this problem. What is the best method to solve this problem?,sn9491@nittany.edu,13,I also have the same question.,rt4621@nittany.edu
EE320,4/1/20,,,,,,
EE330,4/1/20,Exam for EE330?,What is a specific format for this exam?,lb6520@nittany.edu,14,Do we have an exam?,bl3745@nittany.edu
EE340,4/1/20,,,,,,
EE352,4/1/20,Homework 1 for EE352?,I do not understand number 4 where it asked to solve in this problem. What is the best method to solve this problem?,js8165@nittany.edu,15,I also have the same question.,ej3628@nittany.edu
EE353,4/1/20,,,,,,
MATH140,4/1/20,Exam for MATH140?,What is a specific format for this exam?,lk7361@nittany.edu,16,Do we have an exam?,md6611@nittany.edu
MATH141,4/1/20,,,,,,
MATH230,4/1/20,Homework 1 for MATH230?,I do not understand number 6 where it asked to solve in this problem. What is the best method to solve this problem?,af8503@nittany.edu,17,I also have the same question.,ak5890@nittany.edu
MATH231,4/1/20,,,,,,
PHYS211,4/1/20,Exam for PHYS211?,What is a specific format for this exam?,lt8326@nittany.edu,18,Do we have an exam?,cd4187@nittany.edu
PHYS212,4/1/20,,,,,,
PHYS213,4/1/20,Homework 1 for PHYS213?,I do not understand number 1 where it asked to solve in this problem. What is the best method to solve this problem?,fb4575@nittany.edu,19,I also have the same question.,eh3966@nittany.edu
PHYS214,4/1/20,,,,,,
STAT318,4/1/20,Exam for STAT318?,What is a specific format for this exam?,ca5845@nittany.edu,20,Do we have an exam?,la7071@nittany.edu
STAT319,4/1/20,,,,,,
STAT414,4/1/20,Homework 1 for STAT414?,I do not understand number 2 where it asked to solve in this problem. What is the best method to solve this problem?,ds8193@nittany.edu,21,I also have the same question.,ak1365@nittany.edu
STAT415,4/1/20,,,,,,
ECON101,4/1/20,Exam for ECON101?,What is a specific format for this exam?,sg4622@nittany.edu,22,Do we have an exam?,dw2632@nittany.edu
ECON102,4/1/20,,,,,,
ECON201,4/1/20,Homework 1 for ECON201?,I do not understand number 3 where it asked to solve in this problem. What is the best method to solve this problem?,sg9224@nittany.edu,23,I also have the same question.,aw5441@nittany.edu
CHEM110,4/1/20,,,,,,
CHEM111,4/1/20,Exam for CHEM111?,What is a specific format for this exam?,mj2446@nittany.edu,24,Do we have an exam?,lm1111@nittany.edu
CHEM112,4/1/20,,,,,,
IST110,4/1/20,Homework 1 for IST110?,I do not understand number 4 where it asked to solve in this problem. What is the best method to solve this problem?,dl4708@nittany.edu,25,I also have the same question.,ah4627@nittany.edu
IST558,4/1/20,,,,,,
IST128,4/1/20,Exam for IST128?,What is a specific format for this exam?,mg8599@nittany.edu,26,Do we have an exam?,er6539@nittany.edu
DS220,4/1/20,,,,,,
DS120,4/1/20,Homework 1 for DS120?,I do not understand number 6 where it asked to solve in this problem. What is the best method to solve this problem?,rh2046@nittany.edu,27,I also have the same question.,js8078@nittany.edu
DS410,4/1/20,,,,,,
